{"cameraMode":{"drawMode":0,"name":"Shaded","section":"Shading Mode"},"sceneLighting":true,"audioPlay":false,"sceneViewState":{"showFog":true,"showMaterialUpdate":false,"showSkybox":true,"showFlares":true,"showImageEffects":true,"showParticleSystems":true},"in2DMode":false,"pivot":{"x":-35.66106414794922,"y":3.782716751098633,"z":23.642017364501954},"rotation":{"x":0.274392694234848,"y":0.053335923701524737,"z":-0.015244805254042149,"w":0.96001797914505},"size":49.03660583496094,"orthographic":false}