{"cameraMode":{"drawMode":0,"name":"Shaded","section":"Shading Mode"},"sceneLighting":true,"audioPlay":false,"sceneViewState":{"showFog":true,"showMaterialUpdate":false,"showSkybox":true,"showFlares":true,"showImageEffects":true,"showParticleSystems":true},"in2DMode":false,"pivot":{"x":-39.4159049987793,"y":5.267036437988281,"z":34.61191940307617},"rotation":{"x":0.5199872851371765,"y":-0.012812335975468159,"z":0.0077988384291529659,"w":0.8540554642677307},"size":28.970096588134767,"orthographic":false}