{"cameraMode":{"drawMode":0,"name":"Shaded","section":"Shading Mode"},"sceneLighting":true,"audioPlay":false,"sceneViewState":{"showFog":true,"showMaterialUpdate":false,"showSkybox":true,"showFlares":true,"showImageEffects":true,"showParticleSystems":true},"in2DMode":false,"pivot":{"x":-41.32820129394531,"y":4.764469146728516,"z":33.958126068115237},"rotation":{"x":0.47949448227882388,"y":0.030262643471360208,"z":-0.01655316725373268,"w":0.8768804669380188},"size":37.19505310058594,"orthographic":false}