{"cameraMode":{"drawMode":0,"name":"Shaded","section":"Shading Mode"},"sceneLighting":true,"audioPlay":false,"sceneViewState":{"showFog":true,"showMaterialUpdate":false,"showSkybox":true,"showFlares":true,"showImageEffects":true,"showParticleSystems":true},"in2DMode":false,"pivot":{"x":-43.139225006103519,"y":5.085317611694336,"z":24.38528823852539},"rotation":{"x":0.44299817085266116,"y":0.4616011679172516,"z":-0.2867678701877594,"w":0.7130759358406067},"size":18.106050491333009,"orthographic":false}